id,name,city,categories,formats,budget_min,budget_max,available_from,available_to,done_count,capacity,languages,services,busy_from,busy_to,max_hours
astana-events,Astana Events,Астана,конференция|форум,офлайн,800000,2500000,2026-09-01,2026-10-15,18,800,русский|қазақша|english,площадка|звук|свет|сцена
saryarka,Сарыарка Холл,Астана,конференция|банкет,офлайн|гибрид,900000,1800000,2026-09-10,2026-09-30,11,500,русский|қазақша,площадка|звук|кейтеринг
expo-crew,Expo Crew,Астана,конференция|выставка,офлайн,1000000,2000000,2026-09-01,2026-12-01,7,1000,русский|english,площадка|свет|сцена|видео
silk-forum,Silk Forum,Астана,конференция,гибрид,1000000,4000000,2026-09-01,2026-11-01,15,600,русский|english,площадка|звук|видео
almaty-event,Алматы Ивент,Алматы,конференция,офлайн,800000,3000000,2026-09-01,2026-12-01,20,700,русский|қазақша,площадка|звук|свет
small-light,Свет до 500 тысяч,Астана,конференция,офлайн,200000,500000,2026-09-01,2026-12-01,9,200,русский,свет|звук
no-window,Сцена без окна,Астана,конференция,офлайн,700000,2200000,2026-10-01,2026-10-20,14,400,русский,сцена|свет
steppe-stage,Steppe Stage,Астана,концерт,офлайн,500000,3000000,2026-09-01,2026-12-01,16,1500,русский|қазақша,сцена|звук|свет|ведущий
green-hall,Green Hall,Астана,тимбилдинг,офлайн,600000,2000000,2026-09-01,2026-12-01,8,150,русский|қазақша,площадка|кейтеринг
